Model,MAE,RMSE,R2 Score
Linear Regression,1.0168877078816243,1.7599332875539058,0.7996635665959498
