RMSE,MAE,R2,Model
1.7583797183621144,1.0122230154362377,0.800017101746593,Ridge Regression
